Total Return (%),Buy & Hold Return (%),Sharpe Ratio (annualized),Max Drawdown (%),Number of Completed Trades,Win Rate (%),Final Equity ($),ticker
47.13,68.69,1.74,-14.62,6,66.67,14712.73,AAPL
-4.13,-8.82,-0.03,-33.55,5,20.0,9586.5,MSFT
127.84,112.03,2.82,-20.37,9,66.67,22783.76,GOOGL
10.01,32.67,0.43,-21.27,10,40.0,11001.19,AMZN
11.99,8.68,0.46,-25.46,12,58.33,11199.14,META
49.83,78.43,1.31,-19.99,22,54.55,14983.37,NVDA
9.34,68.77,1.46,-2.84,2,100.0,10934.24,JNJ
20.38,8.84,0.6,-32.09,16,56.25,12038.09,UNH
4.46,-6.77,0.32,-14.42,3,33.33,10446.45,COST
27.48,16.25,1.23,-13.63,4,75.0,12747.95,WMT
4.47,-2.86,0.32,-15.52,0,N/A,10447.36,PG
-0.64,17.8,-0.04,-3.96,0,N/A,9936.32,KO
4.8,-3.23,0.37,-9.05,4,75.0,10479.69,HD
37.78,48.6,1.49,-11.92,5,40.0,13777.57,XOM
5.84,8.03,0.32,-24.9,6,50.0,10583.96,DIS
