timestamp,symbol,model_signal,confidence_pct,action_taken,details
2026-07-17T23:26:49,AAPL,N/A,0,skipped_market_closed,
2026-07-17T23:26:49,MSFT,N/A,0,skipped_market_closed,
2026-07-17T23:26:49,GOOGL,N/A,0,skipped_market_closed,
2026-07-17T23:26:49,AMZN,N/A,0,skipped_market_closed,
2026-07-17T23:26:49,XOM,N/A,0,skipped_market_closed,
2026-07-17T23:27:02,AAPL,N/A,0,skipped_market_closed,
2026-07-17T23:27:02,MSFT,N/A,0,skipped_market_closed,
2026-07-17T23:27:02,GOOGL,N/A,0,skipped_market_closed,
2026-07-17T23:27:02,AMZN,N/A,0,skipped_market_closed,
2026-07-17T23:27:02,XOM,N/A,0,skipped_market_closed,
2026-07-17T23:27:02,AAPL,N/A,0,skipped_market_closed,
2026-07-17T23:27:02,MSFT,N/A,0,skipped_market_closed,
2026-07-17T23:27:02,GOOGL,N/A,0,skipped_market_closed,
2026-07-17T23:27:02,AMZN,N/A,0,skipped_market_closed,
2026-07-17T23:27:02,XOM,N/A,0,skipped_market_closed,
2026-07-17T23:33:13,AAPL,N/A,0,skipped_market_closed,
2026-07-17T23:33:13,MSFT,N/A,0,skipped_market_closed,
2026-07-17T23:33:13,GOOGL,N/A,0,skipped_market_closed,
2026-07-17T23:33:13,AMZN,N/A,0,skipped_market_closed,
2026-07-17T23:33:13,XOM,N/A,0,skipped_market_closed,
2026-07-25T00:57:44,AAPL,N/A,0,skipped_market_closed,
2026-07-25T00:57:44,MSFT,N/A,0,skipped_market_closed,
2026-07-25T00:57:44,GOOGL,N/A,0,skipped_market_closed,
2026-07-25T00:57:44,AMZN,N/A,0,skipped_market_closed,
2026-07-25T00:57:44,XOM,N/A,0,skipped_market_closed,
2026-07-25T17:00:46,AAPL,N/A,0,skipped_market_closed,
2026-07-25T17:00:46,MSFT,N/A,0,skipped_market_closed,
2026-07-25T17:00:46,GOOGL,N/A,0,skipped_market_closed,
2026-07-25T17:00:46,AMZN,N/A,0,skipped_market_closed,
2026-07-25T17:00:46,XOM,N/A,0,skipped_market_closed,
2026-07-26T17:00:28,AAPL,N/A,0,skipped_market_closed,
2026-07-26T17:00:28,MSFT,N/A,0,skipped_market_closed,
2026-07-26T17:00:28,GOOGL,N/A,0,skipped_market_closed,
2026-07-26T17:00:28,AMZN,N/A,0,skipped_market_closed,
2026-07-26T17:00:28,XOM,N/A,0,skipped_market_closed,
2026-07-29T01:47:08,AAPL,N/A,0,skipped_market_closed,
2026-07-29T01:47:08,MSFT,N/A,0,skipped_market_closed,
2026-07-29T01:47:08,GOOGL,N/A,0,skipped_market_closed,
2026-07-29T01:47:08,AMZN,N/A,0,skipped_market_closed,
2026-07-29T01:47:08,XOM,N/A,0,skipped_market_closed,
2026-07-29T01:57:41,AAPL,N/A,0,skipped_market_closed,
2026-07-29T01:57:41,MSFT,N/A,0,skipped_market_closed,
2026-07-29T01:57:41,GOOGL,N/A,0,skipped_market_closed,
2026-07-29T01:57:41,AMZN,N/A,0,skipped_market_closed,
2026-07-29T01:57:41,XOM,N/A,0,skipped_market_closed,
2026-08-01T17:00:36,AAPL,N/A,0,skipped_market_closed,
2026-08-01T17:00:36,MSFT,N/A,0,skipped_market_closed,
2026-08-01T17:00:36,GOOGL,N/A,0,skipped_market_closed,
2026-08-01T17:00:36,AMZN,N/A,0,skipped_market_closed,
2026-08-01T17:00:36,XOM,N/A,0,skipped_market_closed,
2026-08-13T21:13:31,GOOGL,BUY,39.8,bought,"notional=$5.00, order_id=d419a84b-fa67-42c1-904b-75d23cda9fe0"
2026-08-17T17:00:57,GOOGL,HOLD,46.0,held_existing_position,pl_pct=-0.7%
2026-08-19T17:02:52,GOOGL,HOLD,60.0,held_existing_position,pl_pct=-1.1%
2026-08-20T17:00:34,GOOGL,SELL,42.4,sold,"qty=0.014403565, order_id=5bac692b-3e5c-47fd-b129-05bcc26a8f09"
2026-08-30T20:32:49,AAPL,N/A,0,skipped_market_closed,
2026-08-30T20:32:49,MSFT,N/A,0,skipped_market_closed,
2026-08-30T20:32:49,GOOGL,N/A,0,skipped_market_closed,
2026-08-30T20:32:49,AMZN,N/A,0,skipped_market_closed,
2026-08-30T20:32:49,XOM,N/A,0,skipped_market_closed,
2026-09-05T17:00:45,AAPL,N/A,0,skipped_market_closed,
2026-09-05T17:00:45,MSFT,N/A,0,skipped_market_closed,
2026-09-05T17:00:45,GOOGL,N/A,0,skipped_market_closed,
2026-09-05T17:00:45,AMZN,N/A,0,skipped_market_closed,
2026-09-05T17:00:45,XOM,N/A,0,skipped_market_closed,
2026-09-11T17:00:37,ALL,N/A,0,no_action_no_candidates,"scanned 5 tickers, no BUY signal and no existing position"
2026-09-13T17:00:31,AAPL,N/A,0,skipped_market_closed,
2026-09-13T17:00:31,MSFT,N/A,0,skipped_market_closed,
2026-09-13T17:00:31,GOOGL,N/A,0,skipped_market_closed,
2026-09-13T17:00:31,AMZN,N/A,0,skipped_market_closed,
2026-09-13T17:00:31,XOM,N/A,0,skipped_market_closed,
2026-09-14T17:00:37,GOOGL,BUY,38.7,bought,"notional=$5.00, order_id=6f93c455-b97f-47f7-808b-6cde8bdc94bf"
2026-09-17T17:00:28,GOOGL,HOLD,57.1,held_existing_position,pl_pct=-0.4%
2026-09-18T17:00:31,GOOGL,HOLD,49.2,held_existing_position,pl_pct=2.7%
2026-09-19T17:00:42,AAPL,N/A,0,skipped_market_closed,
2026-09-19T17:00:42,MSFT,N/A,0,skipped_market_closed,
2026-09-19T17:00:42,GOOGL,N/A,0,skipped_market_closed,
2026-09-19T17:00:42,AMZN,N/A,0,skipped_market_closed,
2026-09-19T17:00:42,XOM,N/A,0,skipped_market_closed,
2026-09-21T17:02:25,GOOGL,HOLD,41.7,held_existing_position,pl_pct=1.9%
2026-09-22T17:00:24,GOOGL,HOLD,72.5,held_existing_position,pl_pct=4.1%
2026-09-23T17:00:36,GOOGL,HOLD,44.4,held_existing_position,pl_pct=-0.8%
2026-09-25T17:00:28,GOOGL,HOLD,38.9,held_existing_position,pl_pct=-0.8%
