model_type,horizon,buy_threshold,sell_threshold,Total Return (%),Buy & Hold Return (%),Sharpe Ratio (annualized),Max Drawdown (%),Number of Completed Trades,Win Rate (%),Final Equity ($)
gb,3,0.02,-0.02,5.49,-6.95,0.34,-13.67,6,50.0,10548.69
gb,3,0.015,-0.015,-2.22,-6.95,0.02,-21.15,13,61.54,9778.43
gb,3,0.03,-0.03,-4.04,-6.95,-0.08,-25.76,3,33.33,9595.57
rf,10,0.02,-0.02,-6.12,-6.95,-0.19,-32.0,13,38.46,9387.84
gb,10,0.03,-0.03,-6.14,-6.95,-0.2,-20.48,8,62.5,9385.77
rf,10,0.03,-0.03,-6.24,-6.95,-0.22,-30.93,12,58.33,9376.0
rf,3,0.03,-0.03,-7.35,-6.95,-0.27,-20.52,10,60.0,9265.43
rf,10,0.015,-0.015,-8.78,-6.95,-0.29,-34.44,15,46.67,9121.52
rf,5,0.015,-0.015,-7.54,-6.95,-0.31,-25.25,12,58.33,9246.43
rf,5,0.03,-0.03,-8.78,-6.95,-0.33,-23.7,13,53.85,9122.21
rf,3,0.015,-0.015,-10.8,-6.95,-0.39,-26.45,15,46.67,8919.6
gb,5,0.03,-0.03,-9.71,-6.95,-0.4,-31.49,4,25.0,9029.19
rf,5,0.02,-0.02,-10.03,-6.95,-0.43,-25.5,14,57.14,8997.17
gb,5,0.015,-0.015,-11.25,-6.95,-0.45,-25.25,17,47.06,8874.81
gb,10,0.015,-0.015,-12.43,-6.95,-0.56,-27.23,19,52.63,8757.34
rf,3,0.02,-0.02,-12.87,-6.95,-0.59,-21.19,13,46.15,8713.1
gb,10,0.02,-0.02,-15.13,-6.95,-0.62,-28.48,11,27.27,8487.43
gb,5,0.02,-0.02,-14.52,-6.95,-0.66,-34.27,13,38.46,8548.29
