model_type,horizon,buy_threshold,sell_threshold,avg_sharpe,beat_buyhold_pct,n_stocks
gb,5,0.02,-0.02,0.8466666666666666,40.0,15
rf,3,0.02,-0.02,0.8206666666666665,40.0,15
gb,10,0.03,-0.03,0.7973333333333332,33.33333333333333,15
rf,5,0.02,-0.02,0.7653333333333335,26.666666666666668,15
gb,3,0.015,-0.015,0.7099999999999999,26.666666666666668,15
rf,5,0.015,-0.015,0.6973333333333332,26.666666666666668,15
gb,10,0.02,-0.02,0.6880000000000001,26.666666666666668,15
rf,10,0.03,-0.03,0.6486666666666667,26.666666666666668,15
rf,5,0.03,-0.03,0.648,40.0,15
gb,5,0.015,-0.015,0.6453333333333334,20.0,15
gb,10,0.015,-0.015,0.6400000000000001,13.333333333333334,15
rf,3,0.015,-0.015,0.6366666666666666,40.0,15
rf,10,0.02,-0.02,0.6046666666666666,13.333333333333334,15
rf,10,0.015,-0.015,0.49533333333333335,13.333333333333334,15
rf,3,0.03,-0.03,0.4679999999999999,26.666666666666668,15
gb,3,0.02,-0.02,0.326,33.33333333333333,15
gb,5,0.03,-0.03,0.25533333333333336,40.0,15
gb,3,0.03,-0.03,0.13466666666666666,26.666666666666668,15
